title,start_date,end_date,kind
College Reopens (Odd Semester) Meeting of the Teaching Faculty with the,2026-06-08,2026-06-08,event
"9 am to 10 am Holy Eucharist Service (Mass) – Fr. Palacios Hall Lectures for SY & TY, PG-II begin from 10am",2026-06-09,2026-06-09,event
Orientation and Induction for PG -I & 4th Year,2026-06-13,2026-06-13,event
FY BA/BSC/BCOM Orientation PG-I and Honours Year (HY) Lectures Begin,2026-06-15,2026-06-15,event
"Holy Eucharist Service (Mass) for FY, HY and PG-I 9:00 a.m. – 10:00 a.m. Fr. Palacios Hall FY lectures begin from 11.00 am onwards FY BA/BSC/BCOM Indu",2026-06-16,2026-06-16,event
FY BA/BSC/BCOM Induction,2026-06-17,2026-06-17,event
FY BA/BSC/BCOM Induction,2026-06-18,2026-06-18,event
FY BA/BSC/BCOM Induction,2026-06-19,2026-06-19,event
International Yoga Day – ECC,2026-06-20,2026-06-20,event
AAA,2026-06-25,2026-06-25,event
Muharram- Public Holiday,2026-06-26,2026-06-26,holiday
"CIA-I: FY, SY, TY, HY,PG 1, PG 2 (20/7/2026 to 25/7/2026)",2026-07-20,2026-07-25,exam
Feast of St. Ignatius of Loyola & College Day Programme,2026-07-31,2026-07-31,event
Elimination round for Malhar 2026,2026-08-13,2026-08-13,event
Malhar 2026,2026-08-14,2026-08-14,event
Independence Day Celebration & Malhar 2026,2026-08-15,2026-08-15,event
Id-E-Milad- Public Holiday,2026-08-26,2026-08-26,holiday
"Centralised Exam for IKS,CoI & AEC (Lectures resume from 10am)",2026-08-27,2026-08-27,exam
"Centralised Exam for IKS,CoI & AEC (Lectures resume from 10am)",2026-08-28,2026-08-28,exam
"Centralised Exam for IKS,CoI & AEC (Lectures resume from 10am)",2026-08-29,2026-08-29,exam
"CIA-II: FY, SY, TY, HY,PG 1, PG 2  (Lectures Continue) (31/8/2026 to 07/09/2026)",2026-08-31,2026-09-07,exam
Janmashtami- Public Holiday,2026-09-05,2026-09-05,holiday
9th–12th Sept & 26th Sept–3rd Oct 2026- End Semester Practical Exams (UG & PG) Commence; (Lectures continue) ; No exams from 14th–25th Sept 2026,2026-09-09,2026-09-09,exam
14/09/2026 to 19/09/2026) Mid Term Break (Ganpati Vacation),2026-09-14,2026-09-19,holiday
Anant Chaturdashi- Public Holiday,2026-09-25,2026-09-25,holiday
All extra-curricular activities conclude for the semester.,2026-09-26,2026-09-26,event
Gandhi Jayanti- Public Holiday,2026-10-02,2026-10-02,holiday
Last day of teaching,2026-10-03,2026-10-03,event
Doubt-solving sessions,2026-10-05,2026-10-05,event
"(06/10/2026 to 19/10/2026)  End Semester Exams for FY, SY, TY,HY, PG I &II",2026-10-06,2026-10-19,exam
Dussehra- Public Holiday,2026-10-20,2026-10-20,holiday
Additional Examinations commence,2026-10-21,2026-10-21,exam
End-of-Term Faculty Meeting,2026-10-30,2026-10-30,event
(31/10/2026 to 15/11/2026) Diwali Vacation,2026-10-31,2026-11-15,holiday
Even Semester Lectures begin,2026-11-16,2026-11-16,event
Guru Nanak Jayanti-Public Holiday,2026-11-24,2026-11-24,holiday
Sports Day,2026-11-28,2026-11-28,event
Feast of St. Francis Xavier and Traditional Day,2026-12-03,2026-12-03,event
"CIA-I: FY, SY, TY, HY,PG 1, PG 2 (17/12/2026 to 22/12/2026)",2026-12-17,2026-12-22,exam
Winter Break (Christmas Vacation) (24/12/2026 to 01/1/2027),2026-12-24,2027-01-01,holiday
College Reopens,2027-01-02,2027-01-02,event
Parent–Teacher Meeting (Subject to change. Please refer to the College website.),2027-01-16,2027-01-16,event
IMG – Jan Fest 2026–27 Republic Day celebration - Public Holiday,2027-01-26,2027-01-26,holiday
Centralised Exam for CoI & AEC,2027-02-02,2027-02-02,exam
Centralised Exam for  CoI & AEC,2027-02-03,2027-02-03,exam
"CIA-II: FY, SY, TY, HY,PG 1, PG 2  (Lectures Continue) (4/2/2027to 9/2/2027)",2027-02-04,2027-02-09,exam
Chhatrapati Shivaji Maharaj Jayanti – Public Holiday,2027-02-19,2027-02-19,holiday
End Sem Practical Exams (UG & PG) commence. Lectures continue (24/02/2027-11/03/2027),2027-02-24,2027-03-11,exam
Science Day Celebration (PG/PhD projects) All extra-curricular activities are closed for the semester.,2027-02-27,2027-02-27,event
Mahashivratri- Public Holiday,2027-03-06,2027-03-06,holiday
Ramzan-Id (Id-Ul-Fitr) – Public Holiday,2027-03-10,2027-03-10,holiday
Last day of teaching,2027-03-11,2027-03-11,event
Doubt-solving sessions,2027-03-12,2027-03-12,event
"(13/3/2027 to 29/3/2027)  End Semester Exams for FY, SY, TY,HY, PG I &II 2",2027-03-13,2027-03-29,exam
Holi (Rang Panchami) – Public Holiday,2027-03-22,2027-03-22,holiday
Good Friday – Public Holiday,2027-03-26,2027-03-26,holiday
Gudi Padwa – Public Holiday,2027-04-07,2027-04-07,holiday
Additional Examinations commence,2027-04-08,2027-04-08,exam
Dr. Babasaheb Ambedkar Jayanti – Public Holiday,2027-04-14,2027-04-14,holiday
Ram Navami – Public Holiday,2027-04-15,2027-04-15,holiday
Moderation to be completed,2027-04-17,2027-04-17,event
Commencement Ceremony,2027-04-23,2027-04-23,event
Commencement Ceremony,2027-04-24,2027-04-24,event
Meeting of Teaching Faculty with Principal,2027-04-30,2027-04-30,event
Maharashtra Day celebration,2026-05-01,2026-05-01,event
