code,name,weekday,start_time,end_time,room
PSBDA6003CR1,DATABASE MANAGEMENT RELATIONAL,Mon,09:00,10:00,BDA Classroom
PSBDA6002CR1,PROBABILITY AND STOCHASTIC PROCESSES,Mon,10:30,12:30,BDA Classroom
PSBDA6004CR1,BASICS OF PROGRAMMING,Mon,13:00,14:00,BDA Lab
PSBDA6001CR1,LINEAR ALGEBRA,Mon,14:00,15:00,BDA Classroom
PSBDA6002CR1PR,PROBABILITY & STOCHASTIC PROCESS PRACTICAL,Tue,08:00,10:00,BDA Lab
PSBDA6001EL1PR,COMPUTING FOR DATA SCIENCE PRACTICAL,Tue,10:00,12:00,BDA Lab
PSBDA6003CR1PR,DATABASE MANAGEMENT RELATIONAL PRACTICAL,Tue,12:30,14:30,BDA Lab
PSBDA6001EL1,COMPUTING FOR DATA SCIENCE,Wed,12:00,14:00,BDA Lab
PSBDA6001CR1PR,LINEAR ALGEBRA PRACTICAL,Wed,14:30,16:30,BDA Lab
PSBDA6001RM1,RESEARCH METHODOLOGY AND STATISTICAL METHODS,Thu,08:30,09:30,BDA Classroom
PSBDA6002CR1,PROBABILITY AND STOCHASTIC PROCESSES,Thu,09:30,10:30,BDA Classroom
PSBDA6001EL1,COMPUTING FOR DATA SCIENCE,Thu,11:00,12:00,KC Lab
PSBDA6003CR1,DATABASE MANAGEMENT RELATIONAL,Fri,09:30,11:30,BDA Lab
PSBDA6001RM1,RESEARCH METHODOLOGY AND STATISTICAL METHODS,Fri,12:30,14:30,BDA Classroom
PSBDA6004CR1,BASICS OF PROGRAMMING,Sat,10:00,12:00,KC Lab 3
PSBDA6001RM1,RESEARCH METHODOLOGY AND STATISTICAL METHODS,Sat,13:00,14:00,BDA Classroom
PSBDA6001CR1,LINEAR ALGEBRA,Sat,14:30,16:30,BDA Classroom
